Year,Department,StudentName,Student,Package
2021,CSE,Jane Smith,Yes,5.94
2021,CSE,Alex Johnson,Yes,13.71
2021,CSE,Jane Martin,Yes,3.36
2021,CSE,Emily Taylor,Yes,3.32
2021,CSE,Emily Harris,Yes,8.39
2021,CSE,Chris Smith,No,0.0
2021,CSE,Alex Jackson,Yes,4.87
2021,CSE,Katie Johnson,Yes,4.16
2021,CSE,Katie Martin,Yes,3.52
2021,CSE,Laura Harris,Yes,14.07
2021,CSE,Jane Harris,Yes,10.54
2021,CSE,Katie Martin,Yes,3.83
2021,CSE,Emily Anderson,No,0.0
2021,CSE,Emily Johnson,Yes,8.44
2021,CSE,Katie Brown,Yes,5.51
2021,CSE,Chris Johnson,Yes,5.05
2021,CSE,Emily Brown,Yes,6.24
2021,CSE,David Taylor,Yes,13.11
2021,CSE,John Taylor,No,0.0
2021,CSE,Katie Jackson,Yes,5.53
2021,CSE,Sophia Thomas,Yes,8.99
2021,CSE,Laura Brown,Yes,5.96
2021,CSE,David Harris,Yes,10.02
2021,CSE,Sophia Jackson,Yes,14.97
2021,CSE,Alex Harris,Yes,12.07
2021,CSE,Jane Brown,Yes,12.5
2021,CSE,Michael Martin,Yes,7.58
2021,CSE,Laura Harris,Yes,9.64
2021,CSE,John Johnson,Yes,9.44
2021,CSE,Chris Thomas,Yes,8.22
2021,CSE,Laura Smith,No,0.0
2021,CSE,Chris Harris,No,0.0
2021,CSE,David Johnson,No,0.0
2021,CSE,Chris Harris,Yes,4.83
2021,CSE,Alex Harris,No,0.0
2021,CSE,David Smith,Yes,8.86
2021,CSE,Jane Thomas,No,0.0
2021,CSE,Chris Taylor,Yes,13.54
2021,CSE,Jane Johnson,Yes,12.79
2021,CSE,David Brown,Yes,8.7
2021,CSE,David Brown,Yes,13.47
2021,CSE,Michael Taylor,No,0.0
2021,CSE,Emily Anderson,Yes,11.06
2021,CSE,Katie White,No,0.0
2021,CSE,Laura Johnson,Yes,3.77
2021,CSE,John Martin,Yes,10.06
2021,CSE,John Johnson,Yes,3.71
2021,CSE,Jane Smith,No,0.0
2021,CSE,Jane Harris,Yes,11.03
2021,CSE,Emily Harris,Yes,14.23
2021,CSE,Sophia Martin,Yes,12.42
2021,CSE,Michael Taylor,Yes,10.91
2021,CSE,Katie Jackson,Yes,13.37
2021,CSE,John Johnson,Yes,11.74
2021,CSE,Jane Taylor,Yes,9.44
2021,CSE,Alex Jackson,Yes,8.55
2021,CSE,Jane White,No,0.0
2021,CSE,David Johnson,Yes,14.99
2021,CSE,John Johnson,No,0.0
2021,CSE,Emily Brown,Yes,8.78
2021,ECE,Michael Smith,Yes,3.03
2021,ECE,Michael Anderson,No,0.0
2021,ECE,Laura Anderson,Yes,14.49
2021,ECE,David White,Yes,6.56
2021,ECE,John Martin,Yes,3.73
2021,ECE,Katie Smith,Yes,8.72
2021,ECE,David Brown,Yes,9.09
2021,ECE,Alex Johnson,Yes,11.1
2021,ECE,Emily Jackson,Yes,13.68
2021,ECE,Emily Martin,Yes,10.43
2021,ECE,Michael Martin,Yes,6.8
2021,ECE,Chris Taylor,Yes,6.77
2021,ECE,Chris Jackson,Yes,10.75
2021,ECE,Laura Thomas,No,0.0
2021,ECE,Jane Smith,Yes,14.98
2021,ECE,Jane Johnson,Yes,9.07
2021,ECE,Alex Thomas,No,0.0
2021,ECE,Emily Thomas,Yes,8.26
2021,ECE,David Anderson,Yes,14.85
2021,ECE,David Smith,Yes,9.66
2021,ECE,Jane Brown,Yes,13.68
2021,ECE,David Brown,Yes,10.26
2021,ECE,Katie Taylor,Yes,13.23
2021,ECE,David White,Yes,13.9
2021,ECE,John Johnson,Yes,12.95
2021,ECE,John Smith,Yes,4.57
2021,ECE,Chris Brown,Yes,9.62
2021,ECE,Michael Harris,Yes,3.9
2021,ECE,Alex Harris,Yes,7.43
2021,ECE,David Brown,Yes,3.5
2021,ECE,Katie Smith,No,0.0
2021,ECE,Emily Taylor,Yes,7.24
2021,ECE,David Jackson,No,0.0
2021,ECE,Alex Taylor,No,0.0
2021,ECE,Alex Jackson,Yes,11.84
2021,ECE,Katie Jackson,No,0.0
2021,ECE,Emily Anderson,Yes,11.42
2021,ECE,Michael Smith,No,0.0
2021,ECE,Emily Taylor,No,0.0
2021,ECE,Laura Thomas,Yes,12.54
2021,ECE,Emily Taylor,Yes,5.32
2021,ECE,Katie Anderson,No,0.0
2021,ECE,Chris Thomas,Yes,7.8
2021,ECE,David Thomas,No,0.0
2021,ECE,Jane Anderson,Yes,14.55
2021,ECE,Chris Smith,Yes,8.21
2021,ECE,Katie Jackson,Yes,9.14
2021,ECE,Michael Martin,Yes,3.53
2021,ECE,Michael Smith,Yes,12.68
2021,ECE,Emily Thomas,Yes,14.39
2021,ECE,Katie Martin,Yes,13.18
2021,ECE,Chris Harris,Yes,7.9
2021,ECE,Michael Anderson,Yes,5.3
2021,ECE,Michael Brown,Yes,6.61
2021,ECE,David Smith,Yes,5.52
2021,ECE,Sophia Martin,Yes,8.58
2021,ECE,Laura Taylor,Yes,12.52
2021,ECE,Alex Johnson,Yes,10.97
2021,ECE,Sophia Thomas,Yes,14.42
2021,ECE,Emily Anderson,Yes,5.39
2021,EEE,John Smith,Yes,8.7
2021,EEE,Jane White,Yes,10.56
2021,EEE,Emily Jackson,Yes,5.93
2021,EEE,John Johnson,No,0.0
2021,EEE,Emily Brown,No,0.0
2021,EEE,David White,Yes,5.99
2021,EEE,Jane White,Yes,8.58
2021,EEE,David Harris,Yes,14.4
2021,EEE,Laura Martin,No,0.0
2021,EEE,David Jackson,No,0.0
2021,EEE,David White,No,0.0
2021,EEE,Laura White,Yes,5.97
2021,EEE,Chris Harris,Yes,5.87
2021,EEE,Laura Johnson,Yes,5.81
2021,EEE,Katie Thomas,No,0.0
2021,EEE,Jane Brown,Yes,7.6
2021,EEE,Alex Taylor,Yes,7.89
2021,EEE,David White,Yes,5.48
2021,EEE,Michael Jackson,No,0.0
2021,EEE,Sophia Smith,No,0.0
2021,EEE,Sophia Jackson,Yes,14.31
2021,EEE,Chris Jackson,No,0.0
2021,EEE,Michael Harris,Yes,9.55
2021,EEE,Sophia Taylor,Yes,6.28
2021,EEE,Laura Smith,Yes,11.03
2021,EEE,Michael Brown,No,0.0
2021,EEE,Alex Martin,Yes,13.88
2021,EEE,Sophia Martin,Yes,4.01
2021,EEE,Michael Brown,No,0.0
2021,EEE,Alex Smith,Yes,6.93
2021,EEE,Laura Thomas,Yes,13.56
2021,EEE,Chris Jackson,Yes,3.98
2021,EEE,John Harris,Yes,14.42
2021,EEE,Emily Johnson,No,0.0
2021,EEE,John Smith,No,0.0
2021,EEE,Emily Smith,Yes,5.86
2021,EEE,Laura Johnson,Yes,5.62
2021,EEE,Chris Thomas,Yes,10.29
2021,EEE,Jane Brown,No,0.0
2021,EEE,Jane Martin,Yes,6.74
2021,EEE,Michael Jackson,No,0.0
2021,EEE,Emily Johnson,Yes,12.97
2021,EEE,Emily Johnson,Yes,6.62
2021,EEE,Sophia Johnson,No,0.0
2021,EEE,Sophia Smith,Yes,8.14
2021,EEE,Katie Johnson,Yes,7.09
2021,EEE,Michael White,Yes,14.53
2021,EEE,Laura Brown,Yes,11.81
2021,EEE,Chris Martin,No,0.0
2021,EEE,David White,Yes,12.91
2021,EEE,Sophia Anderson,Yes,5.95
2021,EEE,Jane Anderson,No,0.0
2021,EEE,Emily White,Yes,11.02
2021,EEE,Katie Smith,Yes,6.9
2021,EEE,Laura Taylor,Yes,6.1
2021,EEE,Chris Martin,Yes,6.32
2021,EEE,John Harris,No,0.0
2021,EEE,Jane Taylor,Yes,8.86
2021,EEE,Emily White,Yes,8.89
2021,EEE,John Johnson,Yes,7.85
2021,MECH,Emily Anderson,Yes,7.43
2021,MECH,David Harris,Yes,14.96
2021,MECH,David Thomas,Yes,8.44
2021,MECH,Chris Anderson,Yes,11.66
2021,MECH,Katie Johnson,Yes,14.41
2021,MECH,Alex Taylor,Yes,8.81
2021,MECH,Sophia Harris,Yes,14.77
2021,MECH,Emily Anderson,Yes,5.15
2021,MECH,John Harris,Yes,3.55
2021,MECH,John Harris,Yes,14.33
2021,MECH,Laura Johnson,No,0.0
2021,MECH,Sophia Anderson,Yes,8.29
2021,MECH,Alex Smith,Yes,13.34
2021,MECH,Jane Johnson,Yes,3.89
2021,MECH,John Brown,Yes,9.75
2021,MECH,Chris Johnson,No,0.0
2021,MECH,Jane Harris,No,0.0
2021,MECH,Sophia Martin,No,0.0
2021,MECH,Emily Harris,Yes,13.9
2021,MECH,Chris Martin,No,0.0
2021,MECH,Chris Martin,Yes,10.32
2021,MECH,Jane Taylor,Yes,6.18
2021,MECH,Jane Brown,Yes,9.62
2021,MECH,Alex Smith,Yes,11.27
2021,MECH,Laura Anderson,Yes,6.46
2021,MECH,Chris White,Yes,5.8
2021,MECH,Chris Martin,Yes,14.2
2021,MECH,Michael Johnson,Yes,10.77
2021,MECH,Chris Brown,Yes,4.99
2021,MECH,Chris Martin,Yes,9.83
2021,MECH,Chris White,Yes,11.26
2021,MECH,Michael Anderson,Yes,8.93
2021,MECH,Jane Martin,Yes,8.18
2021,MECH,Katie Martin,Yes,4.1
2021,MECH,Sophia Martin,No,0.0
2021,MECH,Chris Martin,Yes,12.08
2021,MECH,Laura Harris,Yes,13.99
2021,MECH,Alex Martin,Yes,12.77
2021,MECH,Jane White,Yes,7.0
2021,MECH,Jane Brown,Yes,11.32
2021,MECH,Chris Jackson,No,0.0
2021,MECH,David Smith,Yes,6.77
2021,MECH,Katie Johnson,No,0.0
2021,MECH,Michael Harris,No,0.0
2021,MECH,John Harris,Yes,3.65
2021,MECH,David Thomas,Yes,8.98
2021,MECH,Laura Smith,Yes,9.59
2021,MECH,Chris White,No,0.0
2021,MECH,Laura Johnson,Yes,10.56
2021,MECH,Emily Brown,Yes,3.16
2021,MECH,Michael Johnson,Yes,13.1
2021,MECH,Jane White,No,0.0
2021,MECH,Alex White,No,0.0
2021,MECH,Chris Harris,Yes,7.99
2021,MECH,Laura White,Yes,9.62
2021,MECH,Michael Taylor,No,0.0
2021,MECH,David Brown,No,0.0
2021,MECH,Chris Jackson,Yes,12.45
2021,MECH,Chris Smith,Yes,6.58
2021,MECH,Sophia Martin,No,0.0
2021,CIVIL,Laura Brown,Yes,8.81
2021,CIVIL,Katie Harris,No,0.0
2021,CIVIL,Michael White,No,0.0
2021,CIVIL,Emily Taylor,Yes,5.8
2021,CIVIL,Michael Smith,Yes,8.68
2021,CIVIL,Michael Jackson,No,0.0
2021,CIVIL,Alex White,No,0.0
2021,CIVIL,Alex Harris,No,0.0
2021,CIVIL,Katie Johnson,No,0.0
2021,CIVIL,Laura Johnson,Yes,8.48
2021,CIVIL,Alex Jackson,No,0.0
2021,CIVIL,Alex Johnson,Yes,14.63
2021,CIVIL,Katie Martin,Yes,10.8
2021,CIVIL,Katie Harris,Yes,6.8
2021,CIVIL,Laura Harris,Yes,3.82
2021,CIVIL,Chris Taylor,Yes,8.21
2021,CIVIL,Jane Johnson,Yes,11.33
2021,CIVIL,John Smith,Yes,3.67
2021,CIVIL,Katie Thomas,Yes,5.93
2021,CIVIL,Michael Martin,Yes,5.16
2021,CIVIL,Alex Johnson,Yes,7.59
2021,CIVIL,Emily White,No,0.0
2021,CIVIL,Alex Taylor,Yes,6.05
2021,CIVIL,Chris Smith,No,0.0
2021,CIVIL,Laura Anderson,Yes,4.9
2021,CIVIL,Laura Thomas,No,0.0
2021,CIVIL,Chris Jackson,Yes,8.48
2021,CIVIL,Chris Taylor,No,0.0
2021,CIVIL,Laura Johnson,Yes,9.86
2021,CIVIL,Sophia Anderson,No,0.0
2021,CIVIL,Chris Smith,No,0.0
2021,CIVIL,Michael Anderson,Yes,13.38
2021,CIVIL,John Martin,Yes,12.99
2021,CIVIL,Chris Taylor,Yes,7.23
2021,CIVIL,Emily Martin,Yes,12.07
2021,CIVIL,Alex Johnson,No,0.0
2021,CIVIL,John Anderson,No,0.0
2021,CIVIL,John Martin,Yes,4.58
2021,CIVIL,Chris Thomas,Yes,5.11
2021,CIVIL,Alex Harris,No,0.0
2021,CIVIL,Katie Harris,Yes,6.27
2021,CIVIL,Alex Anderson,No,0.0
2021,CIVIL,Laura Anderson,Yes,7.06
2021,CIVIL,Jane White,No,0.0
2021,CIVIL,Alex Taylor,No,0.0
2021,CIVIL,Michael Harris,Yes,12.49
2021,CIVIL,John Anderson,Yes,8.46
2021,CIVIL,Chris Martin,Yes,10.66
2021,CIVIL,Katie Johnson,Yes,8.66
2021,CIVIL,Sophia Harris,Yes,10.32
2021,CIVIL,Jane White,No,0.0
2021,CIVIL,Chris Jackson,Yes,3.54
2021,CIVIL,John Anderson,No,0.0
2021,CIVIL,Jane Johnson,Yes,9.45
2021,CIVIL,Michael White,Yes,14.39
2021,CIVIL,David Jackson,Yes,11.72
2021,CIVIL,Michael Johnson,No,0.0
2021,CIVIL,Sophia Jackson,No,0.0
2021,CIVIL,Chris Smith,Yes,5.61
2021,CIVIL,Laura Taylor,No,0.0
2021,IT,Jane Thomas,Yes,14.73
2021,IT,Katie Smith,Yes,5.28
2021,IT,Jane White,Yes,5.55
2021,IT,Sophia Smith,Yes,7.0
2021,IT,Alex Martin,Yes,12.96
2021,IT,David Taylor,Yes,12.76
2021,IT,Emily Thomas,No,0.0
2021,IT,Sophia Smith,Yes,14.81
2021,IT,Alex Harris,Yes,5.09
2021,IT,John Brown,Yes,12.48
2021,IT,Emily Martin,Yes,5.09
2021,IT,John Brown,Yes,9.31
2021,IT,Jane White,Yes,7.34
2021,IT,Sophia Johnson,Yes,5.66
2021,IT,Sophia Smith,Yes,13.91
2021,IT,David Anderson,Yes,14.57
2021,IT,John White,No,0.0
2021,IT,Michael Johnson,Yes,13.92
2021,IT,Jane Johnson,Yes,4.78
2021,IT,Alex Anderson,Yes,10.02
2021,IT,Katie Jackson,No,0.0
2021,IT,David Anderson,Yes,10.27
2021,IT,Jane Johnson,No,0.0
2021,IT,David Taylor,Yes,13.66
2021,IT,Michael Thomas,No,0.0
2021,IT,Michael Jackson,Yes,6.75
2021,IT,Katie Anderson,Yes,4.83
2021,IT,Laura Johnson,Yes,4.02
2021,IT,Michael Johnson,Yes,7.47
2021,IT,Alex Harris,Yes,14.48
2021,IT,David Thomas,Yes,7.93
2021,IT,Michael Smith,No,0.0
2021,IT,Sophia Anderson,Yes,9.94
2021,IT,Emily Brown,Yes,5.69
2021,IT,Jane Thomas,No,0.0
2021,IT,Katie Johnson,No,0.0
2021,IT,Sophia Taylor,No,0.0
2021,IT,David Martin,Yes,10.71
2021,IT,John Martin,No,0.0
2021,IT,Chris Smith,Yes,11.43
2021,IT,Chris Thomas,Yes,5.18
2021,IT,Alex Martin,Yes,3.84
2021,IT,John Johnson,Yes,5.58
2021,IT,Michael White,Yes,7.44
2021,IT,Katie Martin,Yes,13.6
2021,IT,Alex Brown,No,0.0
2021,IT,John Johnson,Yes,10.94
2021,IT,Laura Martin,Yes,6.28
2021,IT,David Johnson,Yes,4.33
2021,IT,Sophia White,Yes,6.7
2021,IT,Emily Jackson,No,0.0
2021,IT,John Smith,Yes,14.34
2021,IT,Alex Anderson,Yes,4.44
2021,IT,Laura Jackson,Yes,7.56
2021,IT,Emily Harris,Yes,11.02
2021,IT,Katie Johnson,Yes,11.9
2021,IT,Michael Smith,Yes,3.93
2021,IT,Katie Martin,Yes,7.85
2021,IT,Michael Anderson,Yes,3.25
2021,IT,Katie Brown,No,0.0
2021,AIML,Sophia White,No,0.0
2021,AIML,Katie Johnson,Yes,4.27
2021,AIML,Michael Martin,Yes,3.94
2021,AIML,Chris Thomas,Yes,12.35
2021,AIML,Jane Harris,Yes,9.37
2021,AIML,Emily Thomas,Yes,14.5
2021,AIML,Alex Taylor,Yes,6.07
2021,AIML,Alex Martin,Yes,12.11
2021,AIML,Jane Brown,No,0.0
2021,AIML,Laura White,No,0.0
2021,AIML,Sophia White,Yes,13.58
2021,AIML,Sophia Thomas,No,0.0
2021,AIML,Katie Brown,Yes,8.63
2021,AIML,Chris Anderson,Yes,7.22
2021,AIML,Jane Anderson,Yes,3.45
2021,AIML,Katie Anderson,Yes,13.37
2021,AIML,Jane Martin,Yes,7.61
2021,AIML,Sophia Harris,No,0.0
2021,AIML,John White,No,0.0
2021,AIML,Sophia Taylor,Yes,8.71
2021,AIML,Alex Smith,Yes,12.73
2021,AIML,Katie Johnson,Yes,5.07
2021,AIML,Emily White,No,0.0
2021,AIML,David Harris,Yes,7.37
2021,AIML,Chris Jackson,Yes,7.06
2021,AIML,Sophia Smith,No,0.0
2021,AIML,Katie Johnson,Yes,9.7
2021,AIML,Michael Anderson,Yes,13.22
2021,AIML,Sophia Brown,Yes,9.99
2021,AIML,Alex Thomas,Yes,10.87
2021,AIML,Michael Brown,Yes,14.26
2021,AIML,Chris Harris,Yes,12.5
2021,AIML,Alex Harris,Yes,11.05
2021,AIML,David Thomas,Yes,6.71
2021,AIML,Emily Thomas,No,0.0
2021,AIML,Laura Taylor,Yes,4.65
2021,AIML,Jane Anderson,No,0.0
2021,AIML,Jane Harris,No,0.0
2021,AIML,David Smith,Yes,13.52
2021,AIML,Sophia Brown,Yes,4.85
2021,AIML,Alex Martin,No,0.0
2021,AIML,Alex White,Yes,7.37
2021,AIML,Emily White,Yes,12.03
2021,AIML,Laura Taylor,Yes,6.71
2021,AIML,Laura Taylor,Yes,14.37
2021,AIML,Laura White,No,0.0
2021,AIML,Michael Harris,Yes,14.6
2021,AIML,Emily Martin,Yes,6.0
2021,AIML,Laura Thomas,Yes,4.23
2021,AIML,David Johnson,Yes,12.16
2021,AIML,Chris White,No,0.0
2021,AIML,Alex Jackson,Yes,13.93
2021,AIML,Laura Thomas,No,0.0
2021,AIML,Michael Smith,Yes,7.49
2021,AIML,Michael Johnson,Yes,3.34
2021,AIML,Jane Thomas,No,0.0
2021,AIML,Alex Smith,Yes,12.96
2021,AIML,Alex White,Yes,3.06
2021,AIML,Jane Smith,Yes,13.02
2021,AIML,David Martin,Yes,4.33
2022,CSE,Chris Taylor,Yes,3.57
2022,CSE,Michael Martin,Yes,4.33
2022,CSE,Laura Martin,Yes,10.58
2022,CSE,Sophia Taylor,Yes,6.5
2022,CSE,John Martin,Yes,9.85
2022,CSE,Alex Johnson,Yes,7.33
2022,CSE,David Harris,Yes,14.86
2022,CSE,David Smith,Yes,8.64
2022,CSE,Michael Thomas,Yes,3.19
2022,CSE,Jane Thomas,Yes,10.89
2022,CSE,Jane Martin,Yes,6.99
2022,CSE,John Thomas,Yes,12.76
2022,CSE,Alex White,No,0.0
2022,CSE,Laura Brown,No,0.0
2022,CSE,Jane White,Yes,5.42
2022,CSE,Emily Smith,Yes,6.72
2022,CSE,Michael Harris,Yes,3.44
2022,CSE,Emily Anderson,Yes,12.37
2022,CSE,Katie Anderson,Yes,7.42
2022,CSE,Michael White,No,0.0
2022,CSE,Michael Thomas,No,0.0
2022,CSE,Laura White,Yes,12.57
2022,CSE,Chris Johnson,Yes,3.95
2022,CSE,Sophia Brown,Yes,6.85
2022,CSE,Jane Thomas,Yes,6.68
2022,CSE,Sophia Jackson,Yes,8.33
2022,CSE,Laura Smith,Yes,13.94
2022,CSE,Sophia Jackson,Yes,14.76
2022,CSE,John Johnson,Yes,7.87
2022,CSE,David Brown,No,0.0
2022,CSE,Alex Martin,Yes,8.26
2022,CSE,Alex Johnson,Yes,10.74
2022,CSE,Katie Jackson,No,0.0
2022,CSE,John Martin,Yes,8.4
2022,CSE,Katie Thomas,Yes,3.92
2022,CSE,Alex Harris,Yes,6.77
2022,CSE,Chris Taylor,No,0.0
2022,CSE,John Brown,Yes,7.64
2022,CSE,David Johnson,Yes,6.12
2022,CSE,Laura Taylor,No,0.0
2022,CSE,Chris White,Yes,4.63
2022,CSE,Jane White,Yes,11.56
2022,CSE,Jane Thomas,Yes,11.51
2022,CSE,David Harris,Yes,6.6
2022,CSE,Alex Brown,No,0.0
2022,CSE,David Taylor,Yes,5.41
2022,CSE,Alex Taylor,No,0.0
2022,CSE,John Thomas,Yes,7.43
2022,CSE,David Brown,Yes,4.03
2022,CSE,Chris Jackson,No,0.0
2022,CSE,Laura Harris,Yes,7.91
2022,CSE,Sophia Johnson,Yes,6.8
2022,CSE,Jane White,Yes,9.21
2022,CSE,Alex Harris,Yes,5.18
2022,CSE,Alex Jackson,Yes,13.42
2022,CSE,Jane Harris,Yes,4.98
2022,CSE,Katie Taylor,Yes,14.29
2022,CSE,Chris Johnson,Yes,10.62
2022,CSE,David Anderson,Yes,6.63
2022,CSE,David Johnson,Yes,5.02
2022,ECE,Sophia Brown,Yes,10.49
2022,ECE,Sophia Thomas,No,0.0
2022,ECE,Sophia Smith,No,0.0
2022,ECE,John Johnson,Yes,10.7
2022,ECE,Sophia Anderson,Yes,12.2
2022,ECE,Michael Martin,Yes,8.98
2022,ECE,David Anderson,Yes,6.63
2022,ECE,Emily Jackson,Yes,3.88
2022,ECE,John Brown,Yes,8.81
2022,ECE,Emily Thomas,Yes,6.75
2022,ECE,Katie Thomas,No,0.0
2022,ECE,Alex Thomas,Yes,4.27
2022,ECE,Emily White,Yes,8.4
2022,ECE,Alex Johnson,Yes,14.34
2022,ECE,Sophia Jackson,Yes,13.38
2022,ECE,Alex Thomas,No,0.0
2022,ECE,Katie Taylor,No,0.0
2022,ECE,Laura Harris,Yes,13.55
2022,ECE,Laura Smith,Yes,7.72
2022,ECE,Laura Taylor,Yes,7.23
2022,ECE,John Anderson,Yes,13.59
2022,ECE,Laura Anderson,Yes,13.17
2022,ECE,Michael Brown,No,0.0
2022,ECE,Katie Jackson,Yes,7.81
2022,ECE,Sophia Harris,Yes,9.64
2022,ECE,Jane Jackson,Yes,12.17
2022,ECE,Chris Martin,Yes,4.43
2022,ECE,Jane Jackson,Yes,14.84
2022,ECE,David Thomas,No,0.0
2022,ECE,Emily Martin,Yes,9.0
2022,ECE,John Smith,Yes,7.0
2022,ECE,Laura Harris,Yes,10.28
2022,ECE,David Brown,Yes,10.36
2022,ECE,Alex Jackson,No,0.0
2022,ECE,Chris Martin,Yes,12.94
2022,ECE,David White,Yes,6.6
2022,ECE,John Thomas,Yes,4.32
2022,ECE,Michael Martin,Yes,13.79
2022,ECE,John Martin,Yes,14.6
2022,ECE,Sophia Martin,Yes,3.62
2022,ECE,Laura Brown,Yes,11.65
2022,ECE,Michael Brown,No,0.0
2022,ECE,Emily Smith,Yes,11.41
2022,ECE,Emily Smith,Yes,8.03
2022,ECE,Michael Taylor,Yes,12.3
2022,ECE,Laura Smith,Yes,9.22
2022,ECE,David Thomas,No,0.0
2022,ECE,Laura Harris,Yes,14.48
2022,ECE,Laura Harris,Yes,7.25
2022,ECE,Chris Martin,Yes,14.49
2022,ECE,Chris Harris,Yes,14.3
2022,ECE,Chris Anderson,Yes,11.28
2022,ECE,Laura Thomas,Yes,9.73
2022,ECE,Chris Anderson,Yes,11.12
2022,ECE,Michael Jackson,No,0.0
2022,ECE,Alex Anderson,Yes,14.46
2022,ECE,Jane Thomas,No,0.0
2022,ECE,Chris White,Yes,12.94
2022,ECE,Chris Harris,Yes,4.65
2022,ECE,Sophia Martin,Yes,3.61
2022,EEE,David Taylor,Yes,3.63
2022,EEE,Michael Thomas,Yes,4.21
2022,EEE,Alex Smith,No,0.0
2022,EEE,Alex Jackson,Yes,13.57
2022,EEE,Laura White,Yes,12.07
2022,EEE,Chris Thomas,Yes,3.71
2022,EEE,Jane Martin,Yes,11.86
2022,EEE,John Brown,Yes,13.05
2022,EEE,John Jackson,No,0.0
2022,EEE,Alex Anderson,No,0.0
2022,EEE,John Anderson,Yes,4.29
2022,EEE,Katie Anderson,Yes,10.7
2022,EEE,David White,No,0.0
2022,EEE,Alex Harris,Yes,5.31
2022,EEE,Jane Thomas,Yes,8.51
2022,EEE,Chris Brown,Yes,7.05
2022,EEE,Chris Martin,Yes,5.32
2022,EEE,Sophia Jackson,No,0.0
2022,EEE,David Thomas,Yes,11.03
2022,EEE,Alex Brown,Yes,14.23
2022,EEE,John Anderson,Yes,8.36
2022,EEE,Chris Thomas,Yes,11.67
2022,EEE,John Anderson,Yes,11.31
2022,EEE,John Johnson,Yes,4.92
2022,EEE,David Anderson,Yes,10.66
2022,EEE,Chris Thomas,Yes,5.63
2022,EEE,Alex White,Yes,11.97
2022,EEE,Sophia Thomas,Yes,9.59
2022,EEE,Laura Harris,No,0.0
2022,EEE,Emily Taylor,Yes,10.15
2022,EEE,Jane Harris,Yes,11.45
2022,EEE,Jane Martin,Yes,12.95
2022,EEE,David Taylor,Yes,4.8
2022,EEE,Katie Harris,Yes,11.16
2022,EEE,Sophia White,Yes,9.12
2022,EEE,John White,Yes,7.99
2022,EEE,Sophia Smith,Yes,11.07
2022,EEE,Chris Smith,Yes,12.8
2022,EEE,Emily Martin,Yes,8.08
2022,EEE,Jane Harris,No,0.0
2022,EEE,Jane White,Yes,7.91
2022,EEE,Alex Jackson,Yes,13.7
2022,EEE,Laura Jackson,Yes,11.19
2022,EEE,David Brown,Yes,7.17
2022,EEE,Alex Harris,Yes,4.53
2022,EEE,Emily Smith,No,0.0
2022,EEE,Chris White,Yes,9.53
2022,EEE,David Jackson,No,0.0
2022,EEE,Emily White,Yes,6.31
2022,EEE,Jane Smith,No,0.0
2022,EEE,Michael Martin,No,0.0
2022,EEE,John Taylor,Yes,4.21
2022,EEE,John White,Yes,11.44
2022,EEE,John Taylor,Yes,7.83
2022,EEE,Emily Harris,Yes,13.36
2022,EEE,John Brown,Yes,6.47
2022,EEE,Sophia Thomas,Yes,12.27
2022,EEE,Katie Taylor,Yes,4.72
2022,EEE,David Taylor,Yes,6.3
2022,EEE,David Martin,No,0.0
2022,MECH,Alex Jackson,Yes,3.56
2022,MECH,Katie Jackson,No,0.0
2022,MECH,Katie Jackson,Yes,6.6
2022,MECH,Alex Harris,Yes,13.19
2022,MECH,Chris Brown,No,0.0
2022,MECH,John Harris,Yes,8.0
2022,MECH,David Brown,Yes,6.06
2022,MECH,Katie Johnson,No,0.0
2022,MECH,Katie Johnson,Yes,12.95
2022,MECH,John Anderson,Yes,10.26
2022,MECH,John Johnson,Yes,12.14
2022,MECH,David Taylor,Yes,13.43
2022,MECH,Katie Anderson,No,0.0
2022,MECH,John Taylor,No,0.0
2022,MECH,Jane White,No,0.0
2022,MECH,Sophia Taylor,Yes,5.87
2022,MECH,Katie Anderson,Yes,9.4
2022,MECH,Katie Anderson,Yes,9.15
2022,MECH,Laura White,Yes,14.78
2022,MECH,Laura Thomas,No,0.0
2022,MECH,Katie Thomas,Yes,9.75
2022,MECH,Emily Brown,Yes,9.64
2022,MECH,Sophia Martin,Yes,6.54
2022,MECH,Emily Thomas,Yes,9.84
2022,MECH,Emily White,Yes,14.32
2022,MECH,Katie Anderson,No,0.0
2022,MECH,Laura White,Yes,11.79
2022,MECH,Katie Brown,Yes,9.56
2022,MECH,Alex Harris,No,0.0
2022,MECH,John Harris,Yes,13.16
2022,MECH,John Smith,Yes,13.11
2022,MECH,Emily Johnson,Yes,3.11
2022,MECH,David White,Yes,10.41
2022,MECH,Sophia White,Yes,3.19
2022,MECH,David Harris,Yes,3.2
2022,MECH,Chris Harris,No,0.0
2022,MECH,John Harris,No,0.0
2022,MECH,Michael Brown,Yes,4.16
2022,MECH,Alex Taylor,Yes,9.32
2022,MECH,Katie Anderson,No,0.0
2022,MECH,Jane Thomas,No,0.0
2022,MECH,Laura Martin,Yes,11.37
2022,MECH,Chris Johnson,Yes,13.3
2022,MECH,John Johnson,Yes,7.53
2022,MECH,Laura Smith,Yes,11.43
2022,MECH,Jane White,No,0.0
2022,MECH,Katie Martin,No,0.0
2022,MECH,Jane Harris,No,0.0
2022,MECH,Emily Taylor,No,0.0
2022,MECH,Sophia White,Yes,14.09
2022,MECH,Chris Harris,Yes,3.39
2022,MECH,Katie Smith,No,0.0
2022,MECH,Sophia Brown,No,0.0
2022,MECH,Michael Johnson,Yes,9.77
2022,MECH,Sophia Jackson,Yes,9.49
2022,MECH,Michael Brown,No,0.0
2022,MECH,Jane Harris,Yes,7.15
2022,MECH,Jane Jackson,Yes,3.91
2022,MECH,Sophia Martin,No,0.0
2022,MECH,Michael Thomas,Yes,6.28
2022,CIVIL,Laura White,Yes,9.64
2022,CIVIL,Michael Jackson,Yes,10.03
2022,CIVIL,Michael Johnson,No,0.0
2022,CIVIL,Chris Taylor,Yes,3.98
2022,CIVIL,Alex Jackson,Yes,10.61
2022,CIVIL,Michael Thomas,Yes,4.1
2022,CIVIL,Chris White,Yes,6.24
2022,CIVIL,Alex Johnson,Yes,8.39
2022,CIVIL,David Harris,Yes,3.32
2022,CIVIL,Katie Harris,Yes,10.18
2022,CIVIL,Katie Jackson,Yes,7.97
2022,CIVIL,Jane Harris,No,0.0
2022,CIVIL,Emily Martin,Yes,11.22
2022,CIVIL,Alex Brown,Yes,6.22
2022,CIVIL,Alex Johnson,Yes,6.31
2022,CIVIL,Chris White,No,0.0
2022,CIVIL,Katie Anderson,No,0.0
2022,CIVIL,Laura Martin,Yes,8.49
2022,CIVIL,Alex Anderson,Yes,7.75
2022,CIVIL,Sophia Jackson,No,0.0
2022,CIVIL,Katie White,Yes,12.79
2022,CIVIL,Sophia Brown,Yes,10.24
2022,CIVIL,Emily White,Yes,14.57
2022,CIVIL,Katie Anderson,Yes,10.59
2022,CIVIL,Sophia Taylor,Yes,6.36
2022,CIVIL,Michael Thomas,Yes,9.77
2022,CIVIL,Sophia Harris,Yes,12.21
2022,CIVIL,John White,No,0.0
2022,CIVIL,Emily White,No,0.0
2022,CIVIL,Jane Jackson,Yes,4.67
2022,CIVIL,Chris Taylor,Yes,4.85
2022,CIVIL,Michael Jackson,Yes,14.89
2022,CIVIL,Laura Martin,Yes,9.08
2022,CIVIL,Michael Harris,Yes,14.62
2022,CIVIL,David Martin,Yes,4.02
2022,CIVIL,Emily Thomas,Yes,10.35
2022,CIVIL,Sophia Jackson,No,0.0
2022,CIVIL,Katie Jackson,Yes,4.18
2022,CIVIL,Emily Harris,Yes,9.7
2022,CIVIL,Sophia Taylor,Yes,7.69
2022,CIVIL,Sophia Harris,Yes,14.97
2022,CIVIL,Laura Johnson,Yes,14.05
2022,CIVIL,Jane Johnson,No,0.0
2022,CIVIL,Alex Thomas,Yes,8.46
2022,CIVIL,Emily Harris,Yes,8.71
2022,CIVIL,Laura White,Yes,6.6
2022,CIVIL,Jane Smith,No,0.0
2022,CIVIL,Jane Brown,No,0.0
2022,CIVIL,Emily Harris,Yes,4.92
2022,CIVIL,David Jackson,No,0.0
2022,CIVIL,Emily Jackson,Yes,5.24
2022,CIVIL,Michael Jackson,Yes,10.37
2022,CIVIL,Emily White,Yes,7.67
2022,CIVIL,Emily Taylor,Yes,11.45
2022,CIVIL,Jane Martin,Yes,13.46
2022,CIVIL,Alex Thomas,Yes,8.49
2022,CIVIL,Chris White,Yes,10.67
2022,CIVIL,Sophia Jackson,Yes,10.04
2022,CIVIL,Katie Thomas,No,0.0
2022,CIVIL,Sophia Brown,No,0.0
2022,IT,Chris Martin,Yes,11.07
2022,IT,Katie Johnson,Yes,4.4
2022,IT,Katie Brown,Yes,8.02
2022,IT,Alex Martin,Yes,5.23
2022,IT,David Brown,Yes,8.88
2022,IT,Alex Brown,Yes,8.41
2022,IT,John Thomas,No,0.0
2022,IT,Laura Brown,Yes,7.61
2022,IT,David Harris,Yes,7.91
2022,IT,Laura Jackson,Yes,8.33
2022,IT,Alex Johnson,Yes,12.55
2022,IT,Emily Anderson,Yes,5.7
2022,IT,Chris Brown,No,0.0
2022,IT,Sophia White,Yes,4.36
2022,IT,Jane Anderson,No,0.0
2022,IT,Katie Harris,No,0.0
2022,IT,John White,Yes,14.88
2022,IT,Jane Taylor,Yes,14.99
2022,IT,Laura Anderson,Yes,12.8
2022,IT,Laura Johnson,No,0.0
2022,IT,Emily Taylor,No,0.0
2022,IT,Sophia Thomas,No,0.0
2022,IT,Sophia Jackson,Yes,4.67
2022,IT,Emily Taylor,No,0.0
2022,IT,Sophia Thomas,Yes,10.16
2022,IT,Alex Thomas,No,0.0
2022,IT,Chris Anderson,Yes,14.43
2022,IT,David Johnson,Yes,12.0
2022,IT,Michael Smith,No,0.0
2022,IT,Alex Brown,Yes,11.54
2022,IT,Emily Jackson,Yes,9.93
2022,IT,Chris Jackson,Yes,3.91
2022,IT,Jane Jackson,Yes,6.34
2022,IT,Katie White,No,0.0
2022,IT,Katie Martin,Yes,12.29
2022,IT,Jane White,Yes,11.37
2022,IT,Jane Harris,Yes,14.62
2022,IT,Emily White,Yes,12.94
2022,IT,Katie Harris,Yes,9.79
2022,IT,Laura Thomas,No,0.0
2022,IT,John Smith,Yes,12.41
2022,IT,Laura Smith,Yes,13.29
2022,IT,Laura White,Yes,14.5
2022,IT,Emily Brown,No,0.0
2022,IT,Chris Brown,No,0.0
2022,IT,Chris Johnson,Yes,6.0
2022,IT,Katie Brown,Yes,10.51
2022,IT,Emily Jackson,Yes,11.44
2022,IT,John Taylor,Yes,4.59
2022,IT,Emily Harris,Yes,3.11
2022,IT,Katie Johnson,No,0.0
2022,IT,Michael Brown,Yes,5.75
2022,IT,Jane Johnson,Yes,7.41
2022,IT,Chris Brown,Yes,12.76
2022,IT,Alex Brown,Yes,9.76
2022,IT,Sophia Brown,Yes,11.67
2022,IT,Alex Jackson,Yes,8.31
2022,IT,Emily Johnson,No,0.0
2022,IT,Alex Johnson,Yes,7.61
2022,IT,Michael Thomas,No,0.0
2022,AIML,Emily Anderson,Yes,5.98
2022,AIML,Sophia Martin,Yes,6.42
2022,AIML,John Anderson,Yes,10.28
2022,AIML,Emily Jackson,Yes,3.65
2022,AIML,Emily White,Yes,5.89
2022,AIML,Sophia Johnson,Yes,14.73
2022,AIML,Katie Thomas,Yes,13.33
2022,AIML,Sophia Jackson,Yes,11.2
2022,AIML,Laura Johnson,Yes,3.81
2022,AIML,Chris Taylor,Yes,3.73
2022,AIML,Michael Harris,Yes,11.55
2022,AIML,Michael Jackson,Yes,3.99
2022,AIML,David Harris,Yes,6.33
2022,AIML,Chris Johnson,Yes,5.44
2022,AIML,Alex Harris,Yes,10.04
2022,AIML,Jane Anderson,Yes,11.76
2022,AIML,Emily Smith,Yes,14.1
2022,AIML,Jane White,Yes,3.66
2022,AIML,Alex Johnson,Yes,4.65
2022,AIML,John Brown,Yes,7.16
2022,AIML,David Anderson,Yes,4.52
2022,AIML,Chris Johnson,No,0.0
2022,AIML,John Thomas,No,0.0
2022,AIML,Chris Harris,Yes,11.55
2022,AIML,Sophia Johnson,Yes,9.13
2022,AIML,John White,No,0.0
2022,AIML,Alex Thomas,Yes,12.28
2022,AIML,Sophia Johnson,Yes,9.11
2022,AIML,John Smith,Yes,8.66
2022,AIML,Michael Brown,Yes,14.52
2022,AIML,John Harris,No,0.0
2022,AIML,Michael Taylor,Yes,8.0
2022,AIML,Katie Anderson,No,0.0
2022,AIML,Sophia Thomas,Yes,11.08
2022,AIML,John Brown,Yes,9.19
2022,AIML,John Jackson,Yes,8.58
2022,AIML,Chris Anderson,Yes,9.64
2022,AIML,John Thomas,Yes,9.77
2022,AIML,Chris Martin,Yes,7.42
2022,AIML,Laura Taylor,Yes,9.56
2022,AIML,Emily Brown,Yes,7.92
2022,AIML,Emily Harris,Yes,13.07
2022,AIML,John Thomas,Yes,10.89
2022,AIML,Chris Johnson,Yes,14.8
2022,AIML,Michael White,No,0.0
2022,AIML,Alex Anderson,Yes,14.06
2022,AIML,David Jackson,Yes,7.47
2022,AIML,Jane Martin,Yes,4.6
2022,AIML,Michael Johnson,Yes,3.75
2022,AIML,Alex Taylor,Yes,13.21
2022,AIML,Michael Thomas,Yes,6.26
2022,AIML,Jane Taylor,Yes,12.24
2022,AIML,Jane Brown,Yes,8.39
2022,AIML,Katie Jackson,Yes,7.3
2022,AIML,Emily White,Yes,6.18
2022,AIML,Jane Johnson,Yes,11.23
2022,AIML,Sophia Smith,Yes,13.28
2022,AIML,Alex Johnson,Yes,14.62
2022,AIML,Michael Harris,Yes,6.59
2022,AIML,Alex Smith,No,0.0
2023,CSE,Laura Harris,Yes,6.0
2023,CSE,Laura Johnson,No,0.0
2023,CSE,Alex Johnson,Yes,12.96
2023,CSE,Emily Brown,Yes,7.81
2023,CSE,Jane Martin,Yes,14.01
2023,CSE,Jane Smith,No,0.0
2023,CSE,Emily White,No,0.0
2023,CSE,Jane Thomas,Yes,14.31
2023,CSE,John Brown,No,0.0
2023,CSE,Michael Jackson,Yes,7.59
2023,CSE,Michael Brown,Yes,13.9
2023,CSE,Chris Anderson,Yes,4.78
2023,CSE,Sophia Martin,Yes,10.77
2023,CSE,Laura Jackson,No,0.0
2023,CSE,Laura Smith,Yes,7.6
2023,CSE,Michael Taylor,Yes,12.57
2023,CSE,Emily Harris,No,0.0
2023,CSE,Michael Thomas,Yes,12.38
2023,CSE,Katie Martin,Yes,7.66
2023,CSE,Alex Smith,Yes,5.63
2023,CSE,Chris Smith,No,0.0
2023,CSE,Laura Harris,Yes,10.01
2023,CSE,Emily Brown,Yes,10.88
2023,CSE,Chris Harris,No,0.0
2023,CSE,John Taylor,Yes,14.79
2023,CSE,Michael Thomas,No,0.0
2023,CSE,Alex Brown,Yes,6.82
2023,CSE,Katie Martin,Yes,11.41
2023,CSE,Sophia Martin,Yes,14.38
2023,CSE,Laura Harris,Yes,8.89
2023,CSE,Jane Smith,Yes,5.63
2023,CSE,David White,Yes,14.01
2023,CSE,Emily Brown,Yes,5.13
2023,CSE,Katie Smith,Yes,10.04
2023,CSE,Alex Johnson,No,0.0
2023,CSE,Katie Johnson,Yes,14.3
2023,CSE,Michael Martin,Yes,6.62
2023,CSE,Alex Brown,Yes,8.24
2023,CSE,Laura Thomas,Yes,14.62
2023,CSE,Sophia Thomas,Yes,10.07
2023,CSE,Alex Jackson,Yes,11.26
2023,CSE,Alex Brown,Yes,14.39
2023,CSE,Sophia Jackson,No,0.0
2023,CSE,Sophia Smith,Yes,6.82
2023,CSE,Sophia Taylor,Yes,4.25
2023,CSE,Laura Brown,Yes,3.93
2023,CSE,Katie Thomas,Yes,13.62
2023,CSE,Jane Thomas,Yes,6.18
2023,CSE,Emily Johnson,Yes,12.44
2023,CSE,John Smith,Yes,11.79
2023,CSE,Alex Jackson,Yes,7.54
2023,CSE,David Jackson,Yes,8.75
2023,CSE,Sophia Taylor,Yes,3.88
2023,CSE,John Anderson,Yes,6.13
2023,CSE,Jane Johnson,Yes,13.66
2023,CSE,Alex Johnson,Yes,13.78
2023,CSE,Jane Thomas,Yes,10.36
2023,CSE,Laura Smith,Yes,10.84
2023,CSE,Sophia Jackson,Yes,4.22
2023,CSE,Emily Taylor,Yes,9.65
2023,ECE,David Anderson,Yes,6.57
2023,ECE,Jane Smith,Yes,9.6
2023,ECE,Laura Brown,Yes,3.05
2023,ECE,Jane Anderson,No,0.0
2023,ECE,Sophia White,Yes,3.31
2023,ECE,Alex Anderson,No,0.0
2023,ECE,Laura Johnson,Yes,7.77
2023,ECE,Laura Anderson,Yes,9.53
2023,ECE,Alex Thomas,No,0.0
2023,ECE,Katie Brown,Yes,6.16
2023,ECE,Laura Anderson,Yes,6.22
2023,ECE,John Brown,No,0.0
2023,ECE,Jane Johnson,Yes,12.7
2023,ECE,Michael Martin,Yes,3.73
2023,ECE,Michael Harris,Yes,9.43
2023,ECE,Laura Martin,No,0.0
2023,ECE,Laura Anderson,Yes,13.83
2023,ECE,John Harris,Yes,9.2
2023,ECE,Sophia Martin,Yes,14.39
2023,ECE,Laura Brown,No,0.0
2023,ECE,Alex Taylor,No,0.0
2023,ECE,Alex Smith,Yes,14.86
2023,ECE,Michael Taylor,No,0.0
2023,ECE,Alex Martin,Yes,13.93
2023,ECE,Jane Johnson,Yes,7.77
2023,ECE,Katie Anderson,Yes,14.01
2023,ECE,John Martin,Yes,12.38
2023,ECE,Jane Jackson,Yes,9.8
2023,ECE,Sophia Johnson,No,0.0
2023,ECE,Sophia Johnson,No,0.0
2023,ECE,David Thomas,No,0.0
2023,ECE,Chris Jackson,Yes,9.86
2023,ECE,Laura Smith,Yes,7.84
2023,ECE,Sophia Martin,Yes,7.82
2023,ECE,Michael Thomas,Yes,3.59
2023,ECE,Laura Anderson,No,0.0
2023,ECE,John Thomas,No,0.0
2023,ECE,Chris Anderson,Yes,8.9
2023,ECE,Jane Taylor,Yes,14.69
2023,ECE,Laura Thomas,Yes,8.0
2023,ECE,Jane Taylor,Yes,13.96
2023,ECE,Michael White,No,0.0
2023,ECE,Katie Smith,Yes,4.91
2023,ECE,Chris Harris,Yes,12.37
2023,ECE,David Martin,Yes,5.31
2023,ECE,Emily Smith,Yes,8.48
2023,ECE,Katie Taylor,Yes,12.88
2023,ECE,David Jackson,Yes,4.49
2023,ECE,John Taylor,Yes,10.13
2023,ECE,Alex White,Yes,7.2
2023,ECE,Alex Anderson,Yes,11.27
2023,ECE,Chris Smith,Yes,4.95
2023,ECE,Sophia Taylor,No,0.0
2023,ECE,Emily Taylor,Yes,7.91
2023,ECE,John Smith,Yes,4.59
2023,ECE,Alex Martin,No,0.0
2023,ECE,Emily Anderson,Yes,14.32
2023,ECE,Chris Jackson,No,0.0
2023,ECE,Katie White,Yes,8.6
2023,ECE,David Martin,Yes,4.23
2023,EEE,David Thomas,Yes,10.13
2023,EEE,Chris Anderson,Yes,8.78
2023,EEE,Katie Anderson,Yes,13.34
2023,EEE,Chris Anderson,Yes,9.21
2023,EEE,Emily Smith,No,0.0
2023,EEE,Sophia Jackson,Yes,11.17
2023,EEE,John White,No,0.0
2023,EEE,Chris Jackson,Yes,11.84
2023,EEE,Sophia Martin,No,0.0
2023,EEE,Katie Taylor,Yes,10.66
2023,EEE,Laura Thomas,Yes,13.15
2023,EEE,David Brown,Yes,8.65
2023,EEE,Chris Harris,No,0.0
2023,EEE,Alex Thomas,Yes,5.67
2023,EEE,Emily Anderson,Yes,13.64
2023,EEE,Katie Anderson,Yes,8.57
2023,EEE,Jane White,Yes,10.61
2023,EEE,Sophia Martin,Yes,13.67
2023,EEE,David Johnson,No,0.0
2023,EEE,Michael Harris,Yes,3.65
2023,EEE,Alex Brown,No,0.0
2023,EEE,Katie Jackson,No,0.0
2023,EEE,Laura Brown,Yes,11.59
2023,EEE,Jane White,Yes,14.84
2023,EEE,Katie Smith,Yes,6.28
2023,EEE,Alex Martin,No,0.0
2023,EEE,Laura Johnson,Yes,8.2
2023,EEE,Michael Jackson,Yes,8.73
2023,EEE,John Smith,Yes,11.77
2023,EEE,John Thomas,No,0.0
2023,EEE,David Taylor,Yes,3.05
2023,EEE,Emily Taylor,Yes,7.13
2023,EEE,Alex Johnson,Yes,10.06
2023,EEE,Alex Johnson,No,0.0
2023,EEE,Chris Anderson,Yes,9.24
2023,EEE,David Thomas,Yes,11.24
2023,EEE,Alex Thomas,No,0.0
2023,EEE,Laura Thomas,No,0.0
2023,EEE,Alex Jackson,Yes,5.69
2023,EEE,Alex Taylor,Yes,10.08
2023,EEE,Alex Johnson,Yes,10.81
2023,EEE,John Jackson,No,0.0
2023,EEE,Chris Harris,Yes,10.13
2023,EEE,John Johnson,Yes,3.24
2023,EEE,Jane Jackson,Yes,4.48
2023,EEE,Chris White,Yes,5.47
2023,EEE,John Anderson,Yes,4.21
2023,EEE,David Anderson,Yes,11.41
2023,EEE,Michael Johnson,Yes,10.41
2023,EEE,Chris Johnson,No,0.0
2023,EEE,Laura Taylor,Yes,12.34
2023,EEE,David Taylor,Yes,7.92
2023,EEE,Alex Smith,Yes,13.92
2023,EEE,Laura Thomas,Yes,3.15
2023,EEE,Jane Johnson,No,0.0
2023,EEE,Laura Brown,No,0.0
2023,EEE,David Johnson,Yes,4.22
2023,EEE,Chris Taylor,Yes,14.73
2023,EEE,Chris White,Yes,12.76
2023,EEE,John Anderson,Yes,11.12
2023,MECH,Michael Johnson,Yes,12.1
2023,MECH,John Smith,No,0.0
2023,MECH,Alex Thomas,Yes,8.25
2023,MECH,Sophia Anderson,No,0.0
2023,MECH,Jane Thomas,No,0.0
2023,MECH,Alex Johnson,Yes,14.55
2023,MECH,Chris Jackson,Yes,8.74
2023,MECH,Michael Brown,Yes,11.35
2023,MECH,John Brown,Yes,13.93
2023,MECH,Laura Martin,Yes,5.18
2023,MECH,Michael Thomas,Yes,13.35
2023,MECH,Alex White,No,0.0
2023,MECH,Jane Jackson,Yes,3.76
2023,MECH,Katie Smith,Yes,11.14
2023,MECH,Sophia Martin,Yes,14.47
2023,MECH,Katie Harris,Yes,11.41
2023,MECH,Jane Jackson,Yes,5.98
2023,MECH,Katie Jackson,Yes,12.92
2023,MECH,Sophia Smith,Yes,14.21
2023,MECH,David White,No,0.0
2023,MECH,Alex Johnson,No,0.0
2023,MECH,Katie Taylor,Yes,6.34
2023,MECH,David Taylor,Yes,7.54
2023,MECH,Emily Johnson,Yes,12.62
2023,MECH,Laura Johnson,No,0.0
2023,MECH,Laura Thomas,Yes,8.97
2023,MECH,John Johnson,Yes,3.43
2023,MECH,David Smith,No,0.0
2023,MECH,Sophia Martin,Yes,13.68
2023,MECH,David Taylor,Yes,8.47
2023,MECH,Katie Thomas,No,0.0
2023,MECH,Emily White,Yes,12.21
2023,MECH,Sophia White,Yes,7.36
2023,MECH,Laura Johnson,Yes,10.91
2023,MECH,John Thomas,Yes,10.6
2023,MECH,Chris Harris,Yes,11.43
2023,MECH,John Brown,Yes,12.86
2023,MECH,Michael Johnson,Yes,5.35
2023,MECH,Jane Jackson,Yes,12.89
2023,MECH,Emily Thomas,Yes,7.97
2023,MECH,Sophia Johnson,No,0.0
2023,MECH,Laura White,Yes,14.47
2023,MECH,Alex White,Yes,11.83
2023,MECH,David Jackson,No,0.0
2023,MECH,Laura Harris,No,0.0
2023,MECH,Alex Martin,Yes,12.78
2023,MECH,Jane Jackson,Yes,10.27
2023,MECH,Katie Harris,No,0.0
2023,MECH,Michael Martin,No,0.0
2023,MECH,Emily Anderson,Yes,7.11
2023,MECH,Chris White,No,0.0
2023,MECH,Alex Jackson,Yes,13.64
2023,MECH,David Anderson,No,0.0
2023,MECH,David Thomas,Yes,14.23
2023,MECH,Emily Taylor,Yes,11.57
2023,MECH,Katie Brown,No,0.0
2023,MECH,Alex Harris,Yes,10.64
2023,MECH,Jane Thomas,Yes,9.99
2023,MECH,Michael Harris,Yes,13.17
2023,MECH,John Harris,Yes,7.57
2023,CIVIL,John Smith,Yes,12.0
2023,CIVIL,Alex Anderson,Yes,4.76
2023,CIVIL,John Anderson,Yes,9.49
2023,CIVIL,Katie White,Yes,13.42
2023,CIVIL,David Taylor,Yes,9.74
2023,CIVIL,Emily Harris,No,0.0
2023,CIVIL,Chris Smith,No,0.0
2023,CIVIL,Michael Jackson,No,0.0
2023,CIVIL,Katie Harris,Yes,11.92
2023,CIVIL,Emily Martin,No,0.0
2023,CIVIL,Laura Taylor,No,0.0
2023,CIVIL,Katie Martin,Yes,10.24
2023,CIVIL,Emily Anderson,Yes,14.8
2023,CIVIL,Jane Brown,No,0.0
2023,CIVIL,David Johnson,Yes,8.14
2023,CIVIL,David Anderson,Yes,10.01
2023,CIVIL,Chris Smith,Yes,11.52
2023,CIVIL,Alex Smith,Yes,6.87
2023,CIVIL,John Martin,No,0.0
2023,CIVIL,Chris White,No,0.0
2023,CIVIL,David Thomas,Yes,11.49
2023,CIVIL,David Taylor,No,0.0
2023,CIVIL,David Johnson,No,0.0
2023,CIVIL,Alex Jackson,Yes,7.84
2023,CIVIL,Katie Taylor,No,0.0
2023,CIVIL,Katie Thomas,Yes,5.62
2023,CIVIL,Sophia Harris,Yes,9.74
2023,CIVIL,John Johnson,Yes,8.35
2023,CIVIL,Sophia Martin,Yes,3.48
2023,CIVIL,Katie Jackson,No,0.0
2023,CIVIL,Jane Jackson,Yes,11.69
2023,CIVIL,John Harris,No,0.0
2023,CIVIL,Katie Harris,No,0.0
2023,CIVIL,Laura White,Yes,13.78
2023,CIVIL,Emily Thomas,Yes,14.38
2023,CIVIL,Alex Harris,Yes,10.52
2023,CIVIL,Emily Taylor,No,0.0
2023,CIVIL,Michael Johnson,Yes,12.94
2023,CIVIL,Michael Johnson,Yes,4.85
2023,CIVIL,Laura Thomas,Yes,3.88
2023,CIVIL,Alex Anderson,Yes,9.9
2023,CIVIL,Emily Anderson,Yes,8.41
2023,CIVIL,Michael Jackson,Yes,7.67
2023,CIVIL,Jane Harris,Yes,11.64
2023,CIVIL,Jane Martin,Yes,13.18
2023,CIVIL,Katie Harris,Yes,12.44
2023,CIVIL,Chris Martin,Yes,12.18
2023,CIVIL,Laura Jackson,Yes,10.93
2023,CIVIL,Laura Brown,Yes,4.64
2023,CIVIL,Michael Harris,Yes,10.61
2023,CIVIL,Chris Thomas,No,0.0
2023,CIVIL,John Harris,No,0.0
2023,CIVIL,Alex Johnson,Yes,9.87
2023,CIVIL,Michael Harris,Yes,4.02
2023,CIVIL,Emily Thomas,Yes,13.87
2023,CIVIL,David Brown,Yes,5.65
2023,CIVIL,Chris Taylor,Yes,11.05
2023,CIVIL,Sophia Smith,No,0.0
2023,CIVIL,David White,Yes,3.88
2023,CIVIL,Jane Anderson,Yes,11.71
2023,IT,Laura Thomas,Yes,11.06
2023,IT,Emily Johnson,Yes,3.84
2023,IT,Emily Thomas,Yes,6.94
2023,IT,Chris Martin,Yes,9.8
2023,IT,Katie Jackson,Yes,6.76
2023,IT,Emily Jackson,Yes,7.31
2023,IT,Katie White,Yes,7.3
2023,IT,Chris White,Yes,5.11
2023,IT,Sophia Johnson,No,0.0
2023,IT,Alex Harris,Yes,11.8
2023,IT,Jane Johnson,No,0.0
2023,IT,David Smith,No,0.0
2023,IT,Sophia Jackson,No,0.0
2023,IT,Emily Smith,Yes,9.52
2023,IT,David White,Yes,4.78
2023,IT,Michael Taylor,No,0.0
2023,IT,Sophia Anderson,Yes,9.01
2023,IT,Jane Jackson,Yes,3.13
2023,IT,Emily Martin,Yes,12.09
2023,IT,Alex White,Yes,9.8
2023,IT,Sophia Brown,Yes,8.8
2023,IT,Katie Smith,Yes,8.85
2023,IT,Jane Anderson,Yes,3.51
2023,IT,Emily Harris,No,0.0
2023,IT,Katie Jackson,Yes,8.46
2023,IT,John Smith,No,0.0
2023,IT,Katie Johnson,Yes,9.26
2023,IT,Chris Anderson,Yes,9.84
2023,IT,Michael Jackson,Yes,10.84
2023,IT,Jane Harris,Yes,14.67
2023,IT,Emily Harris,Yes,12.81
2023,IT,Katie White,No,0.0
2023,IT,Sophia Smith,Yes,4.67
2023,IT,Alex Taylor,Yes,10.72
2023,IT,Emily Brown,Yes,7.35
2023,IT,Jane Taylor,Yes,6.96
2023,IT,Jane White,Yes,8.75
2023,IT,Sophia Brown,Yes,7.93
2023,IT,Emily Smith,Yes,10.11
2023,IT,Alex Harris,Yes,9.87
2023,IT,John Brown,Yes,5.16
2023,IT,Michael Martin,No,0.0
2023,IT,John Anderson,No,0.0
2023,IT,Emily White,Yes,8.66
2023,IT,Laura Brown,Yes,7.93
2023,IT,Alex Martin,No,0.0
2023,IT,Alex Martin,Yes,6.17
2023,IT,Katie White,Yes,3.83
2023,IT,Michael Jackson,Yes,3.2
2023,IT,David Harris,Yes,12.92
2023,IT,Sophia Johnson,Yes,13.82
2023,IT,Sophia Smith,No,0.0
2023,IT,David Harris,No,0.0
2023,IT,Jane White,Yes,13.82
2023,IT,David Smith,No,0.0
2023,IT,Michael Harris,Yes,13.5
2023,IT,David Jackson,Yes,12.63
2023,IT,Michael Thomas,Yes,11.9
2023,IT,Sophia Johnson,Yes,6.05
2023,IT,Emily Johnson,Yes,13.52
2023,AIML,Michael Anderson,Yes,11.51
2023,AIML,John Martin,Yes,9.24
2023,AIML,Michael Taylor,Yes,6.79
2023,AIML,Katie Johnson,Yes,10.82
2023,AIML,Chris Anderson,No,0.0
2023,AIML,Michael Martin,Yes,6.31
2023,AIML,Michael Taylor,Yes,12.41
2023,AIML,Laura Brown,Yes,9.66
2023,AIML,Chris Anderson,Yes,12.29
2023,AIML,Michael Brown,No,0.0
2023,AIML,Jane Taylor,Yes,11.39
2023,AIML,Alex Johnson,Yes,7.81
2023,AIML,Katie Harris,Yes,11.21
2023,AIML,John Brown,Yes,10.63
2023,AIML,Jane Brown,Yes,10.2
2023,AIML,Jane Johnson,Yes,7.45
2023,AIML,Sophia Smith,Yes,14.17
2023,AIML,Michael Martin,Yes,6.44
2023,AIML,Sophia Smith,No,0.0
2023,AIML,Alex White,Yes,5.42
2023,AIML,David Anderson,Yes,12.41
2023,AIML,David Harris,Yes,10.38
2023,AIML,John Thomas,Yes,3.0
2023,AIML,Alex Johnson,No,0.0
2023,AIML,Michael Thomas,Yes,7.87
2023,AIML,Emily Harris,Yes,11.44
2023,AIML,Jane Harris,Yes,12.96
2023,AIML,Sophia Thomas,Yes,12.79
2023,AIML,Emily Martin,No,0.0
2023,AIML,Laura Jackson,Yes,6.13
2023,AIML,Michael Harris,Yes,3.87
2023,AIML,Chris Thomas,No,0.0
2023,AIML,David Anderson,No,0.0
2023,AIML,Sophia Anderson,Yes,14.59
2023,AIML,Sophia White,No,0.0
2023,AIML,Katie White,Yes,13.76
2023,AIML,John White,Yes,3.81
2023,AIML,Emily Taylor,No,0.0
2023,AIML,Michael Thomas,Yes,3.12
2023,AIML,Chris Taylor,Yes,7.79
2023,AIML,Katie Johnson,Yes,5.14
2023,AIML,Katie Thomas,Yes,9.88
2023,AIML,Alex Taylor,Yes,5.4
2023,AIML,Emily Anderson,Yes,5.43
2023,AIML,Emily Martin,Yes,12.35
2023,AIML,Jane Johnson,Yes,10.96
2023,AIML,Sophia Smith,No,0.0
2023,AIML,David Smith,No,0.0
2023,AIML,Katie Martin,Yes,13.78
2023,AIML,Sophia Anderson,Yes,14.81
2023,AIML,David Anderson,Yes,12.0
2023,AIML,Alex Smith,Yes,8.08
2023,AIML,David Smith,Yes,7.72
2023,AIML,Alex White,No,0.0
2023,AIML,David White,Yes,3.1
2023,AIML,Emily Jackson,Yes,6.91
2023,AIML,Sophia Anderson,Yes,6.15
2023,AIML,Chris White,No,0.0
2023,AIML,Katie Thomas,Yes,8.09
2023,AIML,Michael Thomas,Yes,7.81
2024,CSE,Laura Brown,Yes,14.75
2024,CSE,Emily Johnson,Yes,12.65
2024,CSE,David Jackson,No,0.0
2024,CSE,Emily Brown,No,0.0
2024,CSE,Alex White,No,0.0
2024,CSE,Alex Jackson,Yes,14.95
2024,CSE,David Harris,Yes,12.42
2024,CSE,Chris Anderson,Yes,9.81
2024,CSE,Michael Johnson,Yes,3.72
2024,CSE,Chris White,No,0.0
2024,CSE,Jane White,Yes,6.12
2024,CSE,Katie Harris,Yes,12.72
2024,CSE,Katie Smith,Yes,7.21
2024,CSE,Sophia Taylor,Yes,10.8
2024,CSE,David Brown,No,0.0
2024,CSE,Chris Thomas,Yes,9.13
2024,CSE,Laura Johnson,Yes,6.44
2024,CSE,Alex Brown,Yes,14.14
2024,CSE,Michael Martin,Yes,13.19
2024,CSE,Jane Johnson,Yes,5.74
2024,CSE,Katie Anderson,Yes,10.26
2024,CSE,Michael Anderson,No,0.0
2024,CSE,Katie Martin,Yes,8.4
2024,CSE,Alex Brown,No,0.0
2024,CSE,Alex Taylor,Yes,14.29
2024,CSE,Jane Taylor,Yes,4.24
2024,CSE,Jane White,Yes,3.32
2024,CSE,Michael Harris,No,0.0
2024,CSE,Jane Johnson,Yes,4.86
2024,CSE,Michael Anderson,Yes,11.85
2024,CSE,Laura Brown,Yes,13.06
2024,CSE,John Smith,Yes,13.32
2024,CSE,Katie White,Yes,13.45
2024,CSE,Chris Harris,Yes,14.63
2024,CSE,David Brown,Yes,8.48
2024,CSE,Sophia Jackson,Yes,10.67
2024,CSE,Chris Thomas,Yes,5.73
2024,CSE,Jane White,Yes,7.95
2024,CSE,Alex Anderson,Yes,9.28
2024,CSE,Alex Thomas,Yes,9.42
2024,CSE,Laura White,Yes,12.19
2024,CSE,Chris Martin,Yes,3.09
2024,CSE,Katie Taylor,Yes,9.73
2024,CSE,Michael Taylor,Yes,11.85
2024,CSE,Michael Jackson,Yes,3.95
2024,CSE,Emily Harris,No,0.0
2024,CSE,Sophia Anderson,Yes,11.92
2024,CSE,Chris Jackson,Yes,3.82
2024,CSE,Alex Anderson,Yes,8.46
2024,CSE,Laura Anderson,Yes,8.9
2024,CSE,Katie Smith,Yes,14.64
2024,CSE,John Brown,No,0.0
2024,CSE,Chris Anderson,Yes,8.26
2024,CSE,John Taylor,Yes,3.18
2024,CSE,Emily Thomas,Yes,12.43
2024,CSE,Laura Thomas,Yes,12.5
2024,CSE,Katie Johnson,No,0.0
2024,CSE,Alex Smith,Yes,7.71
2024,CSE,David White,Yes,13.75
2024,CSE,Chris Jackson,No,0.0
2024,ECE,Jane Taylor,Yes,14.7
2024,ECE,Emily Smith,Yes,11.82
2024,ECE,Jane Harris,Yes,5.5
2024,ECE,Michael Anderson,No,0.0
2024,ECE,Alex Smith,Yes,9.59
2024,ECE,Jane Anderson,Yes,6.59
2024,ECE,Katie Smith,No,0.0
2024,ECE,Emily Johnson,Yes,8.21
2024,ECE,John Brown,No,0.0
2024,ECE,Sophia Johnson,Yes,5.92
2024,ECE,John Martin,No,0.0
2024,ECE,Laura Martin,Yes,12.25
2024,ECE,Emily Brown,Yes,11.23
2024,ECE,Katie Smith,Yes,10.73
2024,ECE,David Johnson,Yes,5.79
2024,ECE,David Thomas,No,0.0
2024,ECE,Laura Taylor,Yes,7.53
2024,ECE,Alex Anderson,No,0.0
2024,ECE,Laura White,Yes,9.51
2024,ECE,Laura Taylor,Yes,9.52
2024,ECE,Katie White,Yes,12.98
2024,ECE,David Brown,Yes,4.86
2024,ECE,Chris Anderson,Yes,8.45
2024,ECE,David Jackson,Yes,13.6
2024,ECE,Sophia Thomas,No,0.0
2024,ECE,Emily Thomas,Yes,10.9
2024,ECE,David Jackson,Yes,11.2
2024,ECE,David Brown,Yes,6.87
2024,ECE,Katie Johnson,Yes,10.91
2024,ECE,John Brown,Yes,3.38
2024,ECE,Jane White,Yes,3.38
2024,ECE,Michael White,Yes,11.42
2024,ECE,Chris Smith,Yes,10.27
2024,ECE,Jane Smith,No,0.0
2024,ECE,Emily White,No,0.0
2024,ECE,Jane White,No,0.0
2024,ECE,John Thomas,Yes,14.26
2024,ECE,Michael Thomas,No,0.0
2024,ECE,John Martin,Yes,3.49
2024,ECE,Jane Anderson,Yes,5.59
2024,ECE,David Johnson,Yes,5.77
2024,ECE,Michael Taylor,Yes,10.88
2024,ECE,Sophia Brown,Yes,9.7
2024,ECE,Jane Martin,Yes,8.5
2024,ECE,Michael Johnson,Yes,5.16
2024,ECE,Michael Harris,Yes,4.9
2024,ECE,Sophia White,No,0.0
2024,ECE,Katie Harris,No,0.0
2024,ECE,Katie Thomas,Yes,10.6
2024,ECE,Katie Martin,Yes,9.55
2024,ECE,Michael Harris,No,0.0
2024,ECE,Chris Thomas,No,0.0
2024,ECE,Laura Jackson,Yes,3.42
2024,ECE,Chris Martin,Yes,4.62
2024,ECE,Chris Smith,Yes,5.66
2024,ECE,Katie Smith,No,0.0
2024,ECE,Chris Harris,Yes,9.85
2024,ECE,Sophia Brown,Yes,8.52
2024,ECE,Alex Brown,Yes,13.68
2024,ECE,Emily Taylor,Yes,6.6
2024,EEE,Sophia Jackson,Yes,5.61
2024,EEE,Jane Thomas,No,0.0
2024,EEE,Alex White,No,0.0
2024,EEE,Sophia Johnson,Yes,6.6
2024,EEE,Sophia Jackson,Yes,3.67
2024,EEE,Katie Thomas,No,0.0
2024,EEE,Michael Jackson,No,0.0
2024,EEE,Jane Taylor,Yes,13.19
2024,EEE,John Jackson,Yes,9.29
2024,EEE,Katie Harris,Yes,6.92
2024,EEE,Emily Brown,Yes,11.78
2024,EEE,Michael White,No,0.0
2024,EEE,Sophia Harris,Yes,8.18
2024,EEE,Michael Brown,Yes,3.99
2024,EEE,Sophia Smith,Yes,6.15
2024,EEE,Michael Harris,Yes,11.37
2024,EEE,Alex White,Yes,8.85
2024,EEE,Sophia Taylor,Yes,14.96
2024,EEE,David Taylor,Yes,6.2
2024,EEE,Michael Thomas,Yes,9.91
2024,EEE,Jane Jackson,Yes,7.18
2024,EEE,Katie Thomas,Yes,3.29
2024,EEE,Chris Brown,No,0.0
2024,EEE,Sophia White,Yes,8.29
2024,EEE,Emily Taylor,Yes,4.87
2024,EEE,Jane Johnson,Yes,5.92
2024,EEE,Sophia Brown,No,0.0
2024,EEE,Chris Smith,Yes,12.65
2024,EEE,Chris White,Yes,6.98
2024,EEE,David Taylor,Yes,9.28
2024,EEE,Chris Harris,Yes,11.76
2024,EEE,Alex Smith,Yes,13.87
2024,EEE,David Smith,Yes,3.72
2024,EEE,Emily Martin,Yes,8.58
2024,EEE,John Johnson,Yes,6.26
2024,EEE,Katie Johnson,Yes,13.41
2024,EEE,Michael Taylor,No,0.0
2024,EEE,David Johnson,No,0.0
2024,EEE,Laura Martin,Yes,5.24
2024,EEE,David White,Yes,11.55
2024,EEE,John Taylor,No,0.0
2024,EEE,Chris Thomas,Yes,11.93
2024,EEE,John Thomas,Yes,7.26
2024,EEE,Chris Taylor,No,0.0
2024,EEE,David Anderson,No,0.0
2024,EEE,Chris Jackson,No,0.0
2024,EEE,John Harris,No,0.0
2024,EEE,Emily Brown,Yes,7.71
2024,EEE,Alex Johnson,Yes,9.25
2024,EEE,Sophia Taylor,Yes,9.87
2024,EEE,Michael Anderson,No,0.0
2024,EEE,Katie White,Yes,5.48
2024,EEE,Alex Martin,Yes,12.6
2024,EEE,Alex Anderson,Yes,13.78
2024,EEE,Alex Jackson,No,0.0
2024,EEE,Alex Martin,No,0.0
2024,EEE,Katie Johnson,Yes,14.38
2024,EEE,Jane Brown,Yes,13.56
2024,EEE,John Thomas,No,0.0
2024,EEE,Michael Jackson,Yes,11.95
2024,MECH,Chris Brown,No,0.0
2024,MECH,Jane Brown,Yes,12.15
2024,MECH,Sophia Martin,Yes,9.8
2024,MECH,Emily Martin,Yes,11.25
2024,MECH,Katie Johnson,Yes,8.72
2024,MECH,David Martin,Yes,10.79
2024,MECH,Alex Jackson,Yes,4.65
2024,MECH,Emily Taylor,Yes,12.17
2024,MECH,John Anderson,No,0.0
2024,MECH,Emily Taylor,No,0.0
2024,MECH,Jane Brown,No,0.0
2024,MECH,Laura Martin,Yes,6.9
2024,MECH,Laura Taylor,Yes,12.31
2024,MECH,Sophia Jackson,Yes,7.73
2024,MECH,Sophia Martin,Yes,10.7
2024,MECH,John Harris,Yes,8.48
2024,MECH,John Taylor,Yes,7.75
2024,MECH,John Harris,Yes,12.18
2024,MECH,John Taylor,Yes,7.78
2024,MECH,Chris Anderson,Yes,8.07
2024,MECH,Sophia Smith,Yes,13.84
2024,MECH,Laura White,Yes,9.01
2024,MECH,Alex Martin,No,0.0
2024,MECH,David Brown,Yes,6.88
2024,MECH,John Brown,Yes,13.76
2024,MECH,Emily White,Yes,6.89
2024,MECH,Alex Johnson,Yes,11.47
2024,MECH,Katie Johnson,Yes,7.61
2024,MECH,David Martin,No,0.0
2024,MECH,Michael Harris,Yes,12.22
2024,MECH,Katie Martin,No,0.0
2024,MECH,Alex Brown,No,0.0
2024,MECH,Alex Smith,Yes,6.71
2024,MECH,Laura Anderson,Yes,4.41
2024,MECH,Alex Taylor,Yes,12.18
2024,MECH,John White,Yes,8.98
2024,MECH,John Martin,No,0.0
2024,MECH,Emily Taylor,Yes,8.71
2024,MECH,Michael White,Yes,10.2
2024,MECH,Emily Harris,Yes,10.54
2024,MECH,Emily Smith,Yes,3.66
2024,MECH,Katie Smith,Yes,3.39
2024,MECH,Sophia Martin,Yes,14.04
2024,MECH,John Johnson,Yes,5.14
2024,MECH,Chris Martin,Yes,11.4
2024,MECH,Sophia Harris,Yes,8.46
2024,MECH,Sophia Thomas,No,0.0
2024,MECH,Jane Anderson,Yes,13.77
2024,MECH,Jane Jackson,No,0.0
2024,MECH,Jane Anderson,Yes,4.46
2024,MECH,Chris Thomas,Yes,9.3
2024,MECH,Emily Martin,Yes,9.86
2024,MECH,David Johnson,Yes,11.26
2024,MECH,Chris Jackson,Yes,6.8
2024,MECH,David Martin,No,0.0
2024,MECH,Katie Brown,Yes,8.96
2024,MECH,Laura White,No,0.0
2024,MECH,Sophia Taylor,Yes,14.75
2024,MECH,John Johnson,Yes,10.51
2024,MECH,Jane Taylor,No,0.0
2024,CIVIL,Michael Jackson,Yes,7.2
2024,CIVIL,Emily Smith,Yes,11.28
2024,CIVIL,Chris Johnson,Yes,9.08
2024,CIVIL,Katie Smith,Yes,7.0
2024,CIVIL,Michael Martin,Yes,3.35
2024,CIVIL,Alex Taylor,Yes,7.06
2024,CIVIL,Laura White,No,0.0
2024,CIVIL,Alex White,Yes,8.53
2024,CIVIL,David Thomas,Yes,12.77
2024,CIVIL,John Harris,Yes,11.7
2024,CIVIL,Katie Harris,Yes,5.5
2024,CIVIL,Katie Thomas,Yes,4.79
2024,CIVIL,John Thomas,No,0.0
2024,CIVIL,David Brown,Yes,7.67
2024,CIVIL,Sophia Johnson,No,0.0
2024,CIVIL,Chris Thomas,Yes,6.26
2024,CIVIL,Jane White,No,0.0
2024,CIVIL,Katie White,No,0.0
2024,CIVIL,Chris Taylor,Yes,5.1
2024,CIVIL,Katie Smith,No,0.0
2024,CIVIL,Jane White,Yes,12.59
2024,CIVIL,David Brown,Yes,14.08
2024,CIVIL,David Anderson,No,0.0
2024,CIVIL,Alex Johnson,No,0.0
2024,CIVIL,David Brown,Yes,3.44
2024,CIVIL,Michael Harris,Yes,6.73
2024,CIVIL,John Martin,No,0.0
2024,CIVIL,Katie White,No,0.0
2024,CIVIL,Jane Harris,No,0.0
2024,CIVIL,Chris Smith,Yes,6.75
2024,CIVIL,Emily Thomas,Yes,6.44
2024,CIVIL,David Thomas,No,0.0
2024,CIVIL,Jane Anderson,Yes,6.28
2024,CIVIL,John Martin,Yes,4.23
2024,CIVIL,David Thomas,Yes,6.25
2024,CIVIL,Chris Martin,Yes,3.85
2024,CIVIL,Sophia Thomas,Yes,3.61
2024,CIVIL,John White,No,0.0
2024,CIVIL,John Johnson,Yes,4.03
2024,CIVIL,Michael Brown,Yes,13.7
2024,CIVIL,Laura Martin,Yes,6.99
2024,CIVIL,Emily Harris,Yes,14.07
2024,CIVIL,Laura Martin,Yes,12.75
2024,CIVIL,Laura Johnson,Yes,11.21
2024,CIVIL,Laura White,Yes,5.69
2024,CIVIL,Sophia Anderson,No,0.0
2024,CIVIL,Michael Brown,Yes,10.98
2024,CIVIL,Katie White,Yes,3.78
2024,CIVIL,Jane Thomas,Yes,13.15
2024,CIVIL,Chris Thomas,Yes,4.53
2024,CIVIL,Jane Jackson,No,0.0
2024,CIVIL,Jane Thomas,Yes,3.85
2024,CIVIL,Chris Harris,Yes,10.09
2024,CIVIL,Emily Martin,Yes,4.91
2024,CIVIL,Laura Jackson,Yes,5.5
2024,CIVIL,Sophia Jackson,No,0.0
2024,CIVIL,Michael Martin,No,0.0
2024,CIVIL,David Taylor,Yes,11.04
2024,CIVIL,Sophia White,Yes,10.15
2024,CIVIL,Katie Harris,Yes,8.34
2024,IT,Chris Jackson,Yes,4.3
2024,IT,Sophia Jackson,Yes,10.74
2024,IT,John Johnson,Yes,4.67
2024,IT,Sophia Smith,No,0.0
2024,IT,Alex White,Yes,7.68
2024,IT,Sophia White,Yes,11.18
2024,IT,Katie Anderson,Yes,13.96
2024,IT,Chris Jackson,Yes,13.98
2024,IT,Jane Martin,Yes,14.84
2024,IT,Michael Brown,No,0.0
2024,IT,John Thomas,No,0.0
2024,IT,John Smith,Yes,12.85
2024,IT,Katie Johnson,No,0.0
2024,IT,John Taylor,Yes,10.08
2024,IT,Katie Jackson,Yes,8.22
2024,IT,Emily Brown,Yes,5.26
2024,IT,Michael Thomas,No,0.0
2024,IT,Alex Anderson,No,0.0
2024,IT,Alex Brown,Yes,10.78
2024,IT,Alex White,Yes,14.7
2024,IT,Alex Johnson,Yes,12.67
2024,IT,Laura Martin,No,0.0
2024,IT,Sophia Brown,Yes,8.09
2024,IT,Laura Jackson,Yes,5.23
2024,IT,Sophia Smith,Yes,13.16
2024,IT,Emily Harris,Yes,14.12
2024,IT,Sophia Thomas,Yes,3.45
2024,IT,Laura Thomas,Yes,8.78
2024,IT,Jane Brown,Yes,9.32
2024,IT,Chris White,Yes,9.28
2024,IT,Sophia Johnson,Yes,10.57
2024,IT,Jane Harris,No,0.0
2024,IT,Chris Martin,Yes,7.12
2024,IT,John White,Yes,13.87
2024,IT,Sophia Thomas,Yes,14.53
2024,IT,Chris Anderson,Yes,11.34
2024,IT,Sophia Anderson,Yes,9.76
2024,IT,John White,Yes,9.87
2024,IT,Chris Martin,Yes,8.82
2024,IT,Alex Harris,Yes,12.41
2024,IT,Chris Brown,Yes,6.3
2024,IT,Chris Smith,Yes,10.25
2024,IT,Sophia Brown,Yes,7.44
2024,IT,Alex Anderson,No,0.0
2024,IT,Emily White,Yes,9.33
2024,IT,John Thomas,No,0.0
2024,IT,Alex Martin,No,0.0
2024,IT,Alex White,No,0.0
2024,IT,Michael Jackson,Yes,8.28
2024,IT,Alex Taylor,Yes,13.1
2024,IT,John Anderson,No,0.0
2024,IT,Jane Smith,Yes,7.78
2024,IT,Chris White,Yes,12.03
2024,IT,David Taylor,Yes,11.47
2024,IT,Laura Anderson,Yes,13.44
2024,IT,John Anderson,No,0.0
2024,IT,Laura Jackson,Yes,14.54
2024,IT,John Johnson,No,0.0
2024,IT,Katie Jackson,Yes,10.82
2024,IT,Chris Thomas,Yes,12.63
2024,AIML,Chris Martin,Yes,12.28
2024,AIML,Emily Martin,No,0.0
2024,AIML,David Thomas,Yes,14.92
2024,AIML,Katie Harris,Yes,3.1
2024,AIML,Jane Smith,Yes,9.3
2024,AIML,Laura Thomas,Yes,6.4
2024,AIML,Emily Smith,Yes,4.1
2024,AIML,Sophia Taylor,No,0.0
2024,AIML,Jane Johnson,Yes,10.26
2024,AIML,Michael Martin,No,0.0
2024,AIML,Alex Johnson,Yes,6.04
2024,AIML,Laura Johnson,Yes,14.07
2024,AIML,Chris Jackson,Yes,11.01
2024,AIML,Katie Anderson,Yes,3.89
2024,AIML,John Jackson,Yes,14.95
2024,AIML,Chris Anderson,Yes,3.83
2024,AIML,Emily Martin,Yes,10.75
2024,AIML,Jane Brown,Yes,8.18
2024,AIML,Sophia Johnson,No,0.0
2024,AIML,Chris Johnson,Yes,3.84
2024,AIML,Chris White,Yes,8.97
2024,AIML,John Smith,Yes,6.2
2024,AIML,Katie Jackson,Yes,9.18
2024,AIML,Laura White,Yes,13.13
2024,AIML,Jane Harris,Yes,7.61
2024,AIML,Laura Johnson,Yes,14.22
2024,AIML,Katie Thomas,Yes,7.81
2024,AIML,Jane Thomas,Yes,14.53
2024,AIML,Jane White,No,0.0
2024,AIML,Chris Taylor,Yes,3.47
2024,AIML,Michael Taylor,Yes,7.68
2024,AIML,Jane Thomas,Yes,13.62
2024,AIML,Laura Taylor,Yes,5.32
2024,AIML,Sophia Taylor,Yes,3.76
2024,AIML,David Anderson,Yes,14.58
2024,AIML,Laura Smith,Yes,3.67
2024,AIML,John Jackson,Yes,12.69
2024,AIML,David White,No,0.0
2024,AIML,David Brown,Yes,5.8
2024,AIML,Jane Smith,Yes,8.87
2024,AIML,John White,No,0.0
2024,AIML,Sophia Smith,Yes,10.79
2024,AIML,John Brown,Yes,13.86
2024,AIML,Jane White,Yes,13.02
2024,AIML,Jane Johnson,Yes,10.14
2024,AIML,Sophia Taylor,Yes,5.43
2024,AIML,Katie Jackson,Yes,14.71
2024,AIML,Sophia Harris,Yes,13.04
2024,AIML,Emily Smith,Yes,7.03
2024,AIML,Jane Anderson,Yes,7.98
2024,AIML,Katie Harris,Yes,5.92
2024,AIML,Sophia Smith,Yes,12.49
2024,AIML,Sophia Jackson,No,0.0
2024,AIML,John White,Yes,3.09
2024,AIML,Jane Martin,No,0.0
2024,AIML,Michael White,Yes,5.47
2024,AIML,Chris Harris,Yes,5.87
2024,AIML,Alex Martin,Yes,10.16
2024,AIML,Laura Martin,No,0.0
2024,AIML,Chris Thomas,Yes,9.69
